,accuracy,f1,iou,model,pr_auc,precision,recall
1,0.9868621826171875,0.9483151912918202,0.9017104587225785,carb96558_SoilB-2_Urna_22,0.9947435291887977,0.9059680379262884,0.9948152812762384
1,0.9868825276692709,0.9479987902006252,0.9011384981025031,carb96558_soilB-2,0.9940314685076441,0.9054772359602496,0.9947107857656666
1,0.9847361246744791,0.9455175919538144,0.8966651171599264,SoilB-2_Urna_22,0.9948867431443933,0.8997633156539917,0.9961745184675121
1,0.9838053385416666,0.9366519438144125,0.8808517007820978,SoilB-2,0.9934416513188782,0.8836458509300449,0.9964230533155545
1,0.9598897298177084,0.8745545940442861,0.7770742049469964,Urna_22,0.9936659165004322,0.7778768198989771,0.998673956876351
1,0.96234130859375,0.8637267172200545,0.7601399507580666,carb96558,0.9923328599396537,0.7619789890723692,0.996834972491875
1,0.9634958902994791,0.8607489328676755,0.7555392816390483,carb96558_Urna_22,0.9898899378527313,0.7573450330334431,0.9968541446644047
