,accuracy,precision,recall,f1,pr_auc,iou,model
0,0.9973017374674479,0.9787025005546224,0.9875599616245603,0.9831112809003072,0.9990655197152227,0.9667835451756308,all_stacks
0,0.9966939290364584,0.9674447355252701,0.9941320589213878,0.9806068562222157,0.9990398700877059,0.9619515907161882,carb96558_SoilB-2_Urna_22
0,0.9969355265299479,0.9775492777342916,0.9795358123284252,0.9785415368177366,0.9985178538424506,0.9579846582984658,carb96558_soilB-2
0,0.9962946573893229,0.9598869689489411,0.992544080604534,0.9759424070802305,0.9985134479376337,0.953015156401161,carb96558_Urna_22
0,0.9961140950520834,0.955104572235813,0.9919484702093397,0.9731779244488135,0.998268446041905,0.9477571115973742,carb96558
0,0.9951273600260416,0.9629153769783332,0.9807863898637796,0.971768727529911,0.9975640938698932,0.9450876991860598,SoilB-2
0,0.9963811238606771,0.9549794790183432,0.9849682519113645,0.9697420740394225,0.9974927979255588,0.9412614546355156,SoilB-2_Urna_22
0,0.9890162150065104,0.8558667068152163,0.9995701781806815,0.92215353003731,0.9971918524367661,0.8555518394648829,Urna_22
