,accuracy,f1,iou,model,pr_auc,precision,recall
2,0.985137939453125,0.9919811851490012,0.9840899500428787,carb96558_soilB-2,0.9998356556221022,0.9856382485589167,0.9984062886689058
2,0.9841486612955729,0.9912197540742285,0.9825923515825515,SoilB-2_Urna_22,0.9997613218756563,0.9850049274323598,0.997513502785614
2,0.9836044311523438,0.9908761164268115,0.9819172180508068,Urna_22,0.9996887000407575,0.9875846660328762,0.9941895798662979
2,0.9819869995117188,0.99022059239766,0.980630605994312,SoilB-2,0.9998562852287569,0.9815996430516891,0.998994311312187
2,0.9811960856119791,0.9897193896704477,0.9796480102172824,carb96558,0.9997884392356472,0.9808196829736106,0.9987820825826584
2,0.9807815551757812,0.9893336080972552,0.9788923585701438,carb96558_SoilB-2_Urna_22,0.9997281899884028,0.9800612424670367,0.9987831013531229
2,0.9793802897135416,0.9886184339818636,0.9774930325001943,carb96558_Urna_22,0.99962689452413,0.9800694133265794,0.9973179110860619
