,accuracy,f1,iou,model,pr_auc,precision,recall
0,0.9966939290364584,0.9806068562222157,0.9619515907161882,carb96558_SoilB-2_Urna_22,0.9990398700877059,0.9674447355252701,0.9941320589213878
0,0.9962590535481771,0.9777542533081286,0.9564767145984969,carb96558_soilB-2,0.9986621477697798,0.9643230021179489,0.9915649346665849
0,0.9962946573893229,0.9759424070802305,0.953015156401161,carb96558_Urna_22,0.9985134479376337,0.9598869689489411,0.992544080604534
0,0.9961140950520834,0.9731779244488135,0.9477571115973742,carb96558,0.998268446041905,0.955104572235813,0.9919484702093397
0,0.9910049438476562,0.9441505739685147,0.8942094873482084,SoilB-2_Urna_22,0.9981645852157853,0.894423502662598,0.99973248620632
0,0.9919713338216146,0.9399889748512555,0.8867728283480382,SoilB-2,0.9978280627571025,0.887504935568398,0.9990706319702602
0,0.9890162150065104,0.92215353003731,0.8555518394648829,Urna_22,0.9971918524367661,0.8558667068152163,0.9995701781806815
