,accuracy,f1,iou,model,pr_auc,precision,recall
1,0.9897588094075521,0.9942647174016763,0.9885948465812862,carb96558_SoilB-2_Urna_22,0.9999187364469956,0.9982926075914613,0.9902691998899257
1,0.9892069498697916,0.9938154665796207,0.987706959876722,carb96558_soilB-2,0.9999004019908988,0.9978199609641333,0.9898429857383793
1,0.9880777994791666,0.993093409863695,0.9862815673192287,SoilB-2,0.9998707469139057,0.9972541941592449,0.9889672008967083
1,0.9873326619466146,0.992601416737345,0.9853115075093849,SoilB-2_Urna_22,0.9998600575883567,0.9979570624708792,0.9873029474772845
1,0.9842656453450521,0.9908863660802536,0.9819373485534114,carb96558,0.9999082412953907,0.9995304620194294,0.9823904992230673
1,0.9836552937825521,0.9906155591605255,0.981405616215622,carb96558_Urna_22,0.9998642681997619,0.9990310534128125,0.9823406590542494
1,0.98345947265625,0.9905617116620328,0.981299920070384,Urna_22,0.9998824750472062,0.9994172784267104,0.9818617001383747
