,accuracy,f1,iou,model,pr_auc,precision,recall
5,0.9967778523763021,0.998320098752206,0.9966458321751263,carb96558_soilB-2,0.9999901960416002,0.9979879702357441,0.998652448405751
5,0.9965337117513021,0.9981911729772125,0.9963888778497529,SoilB-2_Urna_22,0.9999899756755648,0.9981845495612661,0.9981977964810583
5,0.9963582356770834,0.998071499947478,0.9961504238028543,carb96558_SoilB-2_Urna_22,0.9999870140977146,0.9978484257693426,0.9982946738866888
5,0.9954452514648438,0.9975881808743148,0.9951879675006449,SoilB-2,0.9999810668820235,0.9976271405562349,0.9975492242352099
5,0.9952850341796875,0.9975065765053338,0.9950255564051999,carb96558_Urna_22,0.9999808206250337,0.9982342190052946,0.9967799940330441
5,0.9946797688802084,0.9971809121339362,0.9943776740986003,carb96558,0.9999793126259431,0.9984106210451044,0.9959542286789467
5,0.9935048421223959,0.9965254537044596,0.9930749687505931,Urna_22,0.9999754451472527,0.9989662659015034,0.9940965398938192
