,accuracy,f1,iou,model,pr_auc,precision,recall
4,0.9936065673828125,0.99661720301626,0.9932572155035766,carb96558_Urna_22,0.9999499323306211,0.9952913478516775,0.9979465953095062
4,0.9930572509765625,0.996321329819058,0.9926696256675877,Urna_22,0.9999450633937851,0.9963696636481242,0.9962730006791062
4,0.9928181966145834,0.9962090397755494,0.992446713758803,carb96558_soilB-2,0.999954782731599,0.993919474556885,0.9985091777065556
4,0.9925613403320312,0.996043645689197,0.9921184734897782,carb96558_SoilB-2_Urna_22,0.9999446222001893,0.9936204663212436,0.9984786729472254
4,0.9922866821289062,0.9958779279554768,0.9917896993616918,carb96558,0.9999361921801208,0.9941903061418315,0.9975712889322111
4,0.9910990397135416,0.995136173252288,0.9903194311144548,SoilB-2,0.9999308856231701,0.9918254847645429,0.9984690377525809
4,0.9907353719075521,0.9950366562622194,0.9901223387525352,SoilB-2_Urna_22,0.9999146504220473,0.9921102607363214,0.9979803666495404
