,accuracy,f1,iou,model,pr_auc,precision,recall
3,0.9943084716796875,0.9969252328744538,0.9938693161739931,Urna_22,0.9999720568103303,0.9944332067031756,0.9994297803414707
3,0.9934844970703125,0.9965024081779759,0.9930291973781946,carb96558_soilB-2,0.9999843177585905,0.9931426892087153,0.9998849356050332
3,0.9933738708496094,0.9963640778426442,0.9927544997601518,carb96558,0.9999628063434598,0.9936954089216227,0.9990471193199706
3,0.9920463562011719,0.995663648899066,0.9913647433030167,carb96558_SoilB-2_Urna_22,0.9999819832551767,0.991475613544579,0.9998872152184265
3,0.9917411804199219,0.9955437545668797,0.9911270491803279,SoilB-2_Urna_22,0.9999816750833304,0.9912286094886771,0.9998966344166047
3,0.9907455444335938,0.9949114858629079,0.9898744954986164,carb96558_Urna_22,0.9999396504909708,0.9902547379760418,0.9996122381026642
3,0.9890594482421875,0.9938339553843243,0.9877434849870512,SoilB-2,0.99996043158128,0.9879376966215292,0.9998010174066512
