,accuracy,f1,iou,model,pr_auc,precision,recall
3,0.99395751953125,0.9700249791840133,0.9417946645109135,carb96558_soilB-2,0.9985039824688893,0.9939887531510568,0.9471894748512509
3,0.9961280822753906,0.9646205862874272,0.9316590358200916,SoilB-2_Urna_22,0.9966472412891992,0.9818349535230256,0.9479994519046314
3,0.9934234619140625,0.9620798873834242,0.9269305755700602,SoilB-2,0.9967328305066934,0.9913421875708264,0.9344955774900654
3,0.9911003112792969,0.9564438138267087,0.916523543724059,Urna_22,0.9944983570089317,0.9734731881579447,0.94
3,0.9940834045410156,0.9499402898363619,0.9046535931640745,carb96558_SoilB-2_Urna_22,0.9933407455458123,0.9607625514134621,0.9393591216647517
3,0.9898033142089844,0.9409816519838379,0.8885414060545409,carb96558,0.9904178342869908,0.9422923852480765,0.9396745601270009
3,0.9888191223144531,0.9263845284440537,0.8628643615776915,carb96558_Urna_22,0.9888914017998236,0.894634714271854,0.960470808812041
