,accuracy,f1,iou,model,pr_auc,precision,recall
6,0.9905929565429688,0.9946331491183652,0.9893235969001197,carb96558_SoilB-2_Urna_22,0.9999409730988378,0.9897149522995542,0.9996004701037903
6,0.9895553588867188,0.993998307777065,0.9880682263870287,carb96558,0.9998711514702081,0.9891199711494557,0.9989250027902933
6,0.9891433715820312,0.9938674102198337,0.9878095792891348,carb96558_Urna_22,0.9999188880354919,0.9883740531953497,0.9994221724006426
6,0.9891357421875,0.9938673557278208,0.9878094716296271,carb96558_soilB-2,0.9999171158530479,0.9885118522389467,0.9992812048046695
6,0.9893951416015625,0.99384140055708,0.9877581934968706,SoilB-2,0.999936924735709,0.9884401044650281,0.9993020513749588
6,0.9893773396809896,0.9938000673873452,0.9876765393999651,SoilB-2_Urna_22,0.9999298374942385,0.9883705481696677,0.9992895692043176
6,0.9870452880859375,0.9921660658702525,0.98445391871725,Urna_22,0.9998369343281758,0.9866459902796512,0.9977482562904997
