,accuracy,f1,iou,model,pr_auc,precision,recall
6,0.9931666056315104,0.974023839676724,0.9493630333182572,SoilB-2,0.9977948090541418,0.9786122226970745,0.9694782826241749
6,0.9921824137369791,0.9680098239187446,0.9380029445576105,SoilB-2_Urna_22,0.9968837627498168,0.9645968143354903,0.9714470716016376
6,0.9916356404622396,0.967598293713734,0.9372304286423145,carb96558_soilB-2,0.9974208843731927,0.9926424514381582,0.94378675481416
6,0.9913558959960938,0.9644169467039352,0.9312791896645842,Urna_22,0.9965772560525444,0.9530726256983241,0.9760345813997838
6,0.9900156656901041,0.9622063919907585,0.9271654638888374,carb96558,0.9954096985669904,0.9884495955380629,0.9373206549260114
6,0.9923095703125,0.9620043222596372,0.9267902968091802,carb96558_SoilB-2_Urna_22,0.9960000216566569,0.9912993940649438,0.9343910178179156
6,0.9889119466145834,0.9593738352590385,0.921919770773639,carb96558_Urna_22,0.9966037302765324,0.9920604332074309,0.9287724615717687
