,accuracy,f1,iou,model,pr_auc,precision,recall
7,0.9942754109700521,0.9968027066913057,0.9936257935901139,Urna_22,0.9999682300007923,0.9952519393586998,0.9983583142704314
7,0.9934717814127604,0.9963668170231677,0.9927599385144759,SoilB-2,0.9999779179119545,0.9932613946768404,0.9994917184176825
7,0.9933904012044271,0.9963333168739374,0.9926934246444405,SoilB-2_Urna_22,0.9999696907265438,0.9933776324895488,0.9993066423661324
7,0.9933624267578125,0.9963168263178988,0.9926606846090901,carb96558,0.9999311194916841,0.99383724007455,0.9988088164558753
7,0.9931538899739584,0.9961729507800526,0.9923750824946963,carb96558_SoilB-2_Urna_22,0.9999701520944712,0.992751877909662,0.9996176835618197
7,0.9924468994140625,0.9957640535012878,0.991563842116027,carb96558_Urna_22,0.9999601515327485,0.9920710704907411,0.9994846334885159
7,0.9922307332356771,0.9955859298805817,0.9912106565395017,carb96558_soilB-2,0.9999588093471723,0.9918727040316916,0.9993270622496425
