,accuracy,f1,iou,model,pr_auc,precision,recall
7,0.9948883056640625,0.9781312559839846,0.9571985264368306,SoilB-2,0.9983706911948024,0.9771319261787275,0.9791326319458058
7,0.9951451619466146,0.9757977610710347,0.9527393360235684,carb96558_soilB-2,0.9981063042983374,0.9881120497085784,0.9637866265965439
7,0.9950536092122396,0.9743000224627053,0.9498879241491253,SoilB-2_Urna_22,0.9980612595339522,0.9677656446871062,0.9809232406545164
7,0.9941736857096354,0.9718498494808625,0.9452411683158851,carb96558_Urna_22,0.9981494371609156,0.9926954164365681,0.9518617469372036
7,0.9935379028320312,0.9716124275228742,0.9447920740451049,carb96558,0.9972743313730676,0.9895098530014108,0.9543509272467903
7,0.9939676920572916,0.9690622146863179,0.9399812757774347,carb96558_SoilB-2_Urna_22,0.996789496427307,0.9885048295681328,0.9503696692164036
7,0.9929758707682291,0.9667597361960236,0.9356582104502994,Urna_22,0.9970367818322208,0.9538114462123011,0.9800644185252062
