,accuracy,f1,iou,model,pr_auc,precision,recall
8,0.9929072062174479,0.9959910362502892,0.9920140877333639,carb96558_SoilB-2_Urna_22,0.9999495810882544,0.995983878015685,0.9959981945877882
8,0.9926808675130209,0.9958475571574091,0.9917294572707783,SoilB-2_Urna_22,0.9999452749755802,0.9958274419275718,0.9958676731998984
8,0.9920628865559896,0.9955339447388266,0.9911076034122186,carb96558_soilB-2,0.9999370846652862,0.9962709971216221,0.9947979821089478
8,0.9918212890625,0.9953362240236668,0.9907157477200752,Urna_22,0.9999366357097303,0.9963794625229369,0.9942951678420147
8,0.9916559855143229,0.9952324559172908,0.9905101550885352,carb96558_Urna_22,0.9999309454072262,0.9953785383973701,0.9950864163092623
8,0.9907938639322916,0.9946448595089247,0.9893467685688473,SoilB-2,0.9999119551938701,0.9962040395419955,0.9930905524604013
8,0.9881718953450521,0.9932276491307773,0.9865464106888203,carb96558,0.9999098084033707,0.9977882578727487,0.9887085412130998
