,accuracy,precision,recall,f1,pr_auc,iou,model
10,0.9897613525390625,0.9641210870313037,0.9665482636134772,0.9653331496374877,0.996240769726213,0.9329893475366179,all_stacks
10,0.9872461954752604,0.9757377951672205,0.9292053624925105,0.9519032502469575,0.9940540668172109,0.908220782548223,SoilB-2
10,0.9857762654622396,0.9564407904438873,0.9413952644470652,0.9488583890346826,0.9929165286152668,0.9026932043564494,SoilB-2_Urna_22
10,0.9850540161132812,0.9656962352680386,0.9285929978506847,0.946781248019125,0.992205546579855,0.8989407435430065,carb96558_soilB-2
10,0.9841664632161459,0.9293352724783985,0.9628441261456099,0.9457929929651041,0.991660988832741,0.8971606019061462,carb96558_Urna_22
10,0.9830551147460938,0.9210858166854715,0.9667879970044758,0.9433837212266435,0.991828173379219,0.8928347406513872,carb96558
10,0.981964111328125,0.9182499148791283,0.9592729600910579,0.9383132697794169,0.9891839375603148,0.8837948549893495,carb96558_SoilB-2_Urna_22
10,0.9775873819986979,0.8845702082221035,0.9789647837390688,0.9293767880181747,0.9907696340086671,0.8680708372629152,Urna_22
