,accuracy,f1,iou,model,pr_auc,precision,recall
9,0.9914627075195312,0.9949785425058822,0.9900072631152811,carb96558_SoilB-2_Urna_22,0.9999274470543815,0.9947836126473465,0.9951735487731898
9,0.9907175699869791,0.9945276376786389,0.9891148428809581,SoilB-2_Urna_22,0.9999186081030041,0.9948140060828199,0.9942414340957463
9,0.9906463623046875,0.9944874926934548,0.989035427671981,carb96558_Urna_22,0.9999055061264547,0.9947200676407008,0.9942550264772254
9,0.9906539916992188,0.9944217011762241,0.9889052919493175,Urna_22,0.9999059586971585,0.9952268825861729,0.993617821565939
9,0.9903157552083334,0.9942473170260078,0.9885604422013939,carb96558_soilB-2,0.9999083461864763,0.9962369253591269,0.9922656398411516
9,0.9898401896158854,0.9939137257291722,0.9879010887505868,SoilB-2,0.9998994500965255,0.9965326042128095,0.9913085759435969
9,0.9873199462890625,0.9924934961699667,0.9850988478952795,carb96558,0.9998982296357295,0.9979775165235083,0.9870694172852963
